company,commodity,company_type,country,status,production_2026,production_2027,production_2028,current_capacity,commissioning,capacity_addition,source_date,source_title,source_url,assumptions
Zijin Mining,gold,listed,China,partial,105 吨,未单列披露,130-140 吨,2025 实际矿产金 90 吨,2026-2028 由巨龙、武里蒂卡、海域金矿等项目驱动,较 2025 年提升约 40-50 吨,2026-03,Zijin Mining 2025 Annual Results and 2026-2028 Guidance,https://www.zijinmining.com/investor/,公司按项目投产、金属价格与并表范围披露中期目标，未单列 2027 年分年值
Zijin Mining,copper,listed,China,partial,120 万吨,未单列披露,150-160 万吨,2025 实际矿产铜 109 万吨,巨龙二期、卡莫阿权益增量、塞尔维亚项目爬坡,较 2025 年提升约 41-51 万吨,2026-03,Zijin Mining 2025 Annual Results and 2026-2028 Guidance,https://www.zijinmining.com/investor/,未单列 2027 年目标，按公司三年路径保留 2026 与 2028 关键锚点
Zijin Mining,lithium,listed,China,partial,12 万吨 LCE,未单列披露,27-32 万吨 LCE,2025 实际约 2.55 万吨 LCE,3Q 盐湖一期、拉果错、湘源硬岩项目分步投放,较 2025 年提升约 24.45-29.45 万吨 LCE,2026-03,Zijin Mining 2025 Annual Results and 2026-2028 Guidance,https://www.zijinmining.com/investor/,锂项目投放节奏受盐湖爬坡和下游转化线调试影响
Rio Tinto,copper,listed,UK/Australia,partial,800-870 kt,未单列披露,未单列披露,按 2026 guidance 披露 consolidated basis 80-87 万吨,Oyu Tolgoi 地下矿继续爬坡，Resolution/Winu 处开发阶段,主要来自 Oyu Tolgoi 地下矿放量,2026-04,Rio Tinto Q1 2026 Operations Review,https://www.riotinto.com/en/invest/reports-results,铜产量按 consolidated basis 披露，后续取决于蒙古地下矿爬坡
Rio Tinto,lithium,listed,UK/Australia,partial,61-64 kt LCE,未单列披露,未单列披露,Fenix 1B + Rincon/Sal de Vida 路线逐步投放,Fenix 1B 与 Sal de Vida 机械完工，首产跟踪至 2026 下半年,阿根廷盐湖资产进入商业化放量阶段,2026-04,Rio Tinto Q1 2026 Operations Review,https://www.riotinto.com/en/invest/reports-results,LCE 口径受盐湖工艺稳定性与运输条件影响
Barrick,gold,listed,Canada,partial,2.90-3.25 Moz,未单列披露,未单列披露,核心矿山组合维持约 300 万盎司级别,Goldrush、Pueblo Viejo 扩建与 Fourmile/Arthur 项目推进,依赖 Nevada Gold Mines 与非洲资产扩建,2026-02,Barrick Q4 2025 Results and 2026 Guidance,https://www.barrick.com/English/investors/default.aspx,仅明确披露 2026 年指引，后续年份以项目推进为主
Barrick,copper,listed,Canada,partial,190-220 kt,未单列披露,未单列披露,Lumwana + Jabal Sayid 为主,Lumwana Super Pit 与 Reko Diq 项目推进,中长期铜产能扩张依赖 Lumwana 与 Reko Diq,2026-02,Barrick Q4 2025 Results and 2026 Guidance,https://www.barrick.com/English/investors/default.aspx,仅 2026 年产量有明确指引，项目投放节奏受审批与资本开支影响
Newmont,gold,listed,United States,partial,约 5.3 Moz,未单列披露,未单列披露,2025 实际金产量约 5.6 Moz 级别,Ahafo North、Tanami Expansion 与 Cadia 优化推进,中期依赖核心一级资产优化与剥离后组合重塑,2026-02,Newmont Q4 2025 Results and 2026 Outlook,https://www.newmont.com/investors/default.aspx,公司重点披露 2026 年 outlook，未给出完整 2027-2028 分年指引
Newmont,copper,listed,United States,partial,未单列披露,未单列披露,未单列披露,2025 实际铜产量约 135 kt,Cadia、Red Chris 与北美项目优化,未给出完整三年分年铜规划,2026-02,Newmont Q4 2025 Results and 2026 Outlook,https://www.newmont.com/investors/default.aspx,仅能确认 2025 实际铜产量，后续年份未单列
Freeport-McMoRan,copper,listed,United States,quantified,1.0 bn lb,约 1.6 bn lb,约 1.6 bn lb,Grasberg 地下矿完成切换，北美/南美资产稳定运营,Grasberg 2026 后恢复高品位产区，Bagdad/Safford 棕地优化,2027-2029 平均铜销量较 2026 明显抬升,2026-01,Freeport-McMoRan 2025 Annual Report and Grasberg Outlook,https://investors.fcx.com/investors/default.aspx,2027-2028 采用公司披露的 2027-2029 average annual sales 口径
Freeport-McMoRan,gold,listed,United States,quantified,0.9 Moz,约 1.3 Moz,约 1.3 Moz,黄金主要来自 Grasberg 铜金系统,高品位区段恢复出矿后同步带动黄金副产,2027-2029 平均金销量高于 2026,2026-01,Freeport-McMoRan 2025 Annual Report and Grasberg Outlook,https://investors.fcx.com/investors/default.aspx,2027-2028 采用公司披露的 2027-2029 average annual sales 口径
Ivanhoe Mines,copper,listed,Canada,quantified,290-330 kt,380-420 kt,500+ kt,Kamoa-Kakula 3期投产后持续扩容,熔炼厂投运、4期扩建与西区新矿体开发并行,2028 起年产铜突破 50 万吨,2026-03,Ivanhoe Mines Kamoa-Kakula Updated Technical Report,https://www.ivanhoemines.com/investors/news-and-media/,取公司 2026/03/31 更新技术报告中的官方三年路径
Lundin Mining,copper,listed,Canada,quantified,310-335 kt,315-340 kt,290-315 kt,Candelaria、Caserones、Chapada 等资产并表后稳定运营,Josemaria、Candelaria 地下项目与 Caserones 优化推进,中期主要靠南美组合优化与新项目接替,2026-02,Lundin Mining 2026-2028 Production Guidance,https://lundinmining.com/investors/news/,按公司公开 2026-2028 guidance 原值录入
Lundin Mining,gold,listed,Canada,partial,134-149 koz,未单列披露,未单列披露,黄金来自铜矿副产,随 Candelaria、Chapada 等矿山运营计划波动,未单列三年金副产规划,2026-02,Lundin Mining 2026-2028 Production Guidance,https://lundinmining.com/investors/news/,公司仅对 2026 年黄金副产给出明确区间
Antofagasta,copper,listed,Chile,partial,650-700 kt,未单列披露,未单列披露,Los Pelambres、Centinela、Antucoya、Zaldívar 运营,Centinela 第二选厂投产后前十年平均新增约 144 kt 铜,中长期新增铜当量 170 kt/年,2026-02,Antofagasta 2026 Guidance and Centinela Second Concentrator Update,https://www.antofagasta.co.uk/investors/results-reports-and-presentations/,仅明确 2026 组指引；后续年份以项目平均产能披露
Antofagasta,gold,listed,Chile,partial,60-70 koz,未单列披露,未单列披露,黄金主要来自 Los Pelambres 等铜矿副产,Centinela 第二选厂投产后前十年平均新增约 130 koz 金,中长期副产金提升依赖 Centinela 扩建,2026-02,Antofagasta 2026 Guidance and Centinela Second Concentrator Update,https://www.antofagasta.co.uk/investors/results-reports-and-presentations/,2026 为明确年度指引，后续仅有项目平均值
Teck,copper,listed,Canada,quantified,280-310 kt,280-310 kt,270-300 kt,QB2、Highland Valley Copper、Carmen de Andacollo 组合运营,Highland Valley MLE、Zafranal、San Nicolás 处扩建/开发阶段,后续增量依赖 HVC MLE 与南美项目,2026-01,Teck Updated 2026-2028 Copper Guidance,https://www.teck.com/investors/reports-and-filings/,2026/01 重申 2025/10 披露的 2026-2028 铜指引
Southern Copper,copper,listed,Peru/Mexico,partial,未单列披露,未单列披露,未单列披露,Buenavista、Toquepala、Cuajone 等大型铜矿稳定运营,Tía María、Los Chancas、Buenavista Zinc 项目推进,产能增量主要来自秘鲁新建项目与墨西哥扩建,2026-02,Southern Copper Annual Report and Investor Presentation,https://southerncoppercorp.com/eng/invrel/,公司更偏项目级披露，未形成完整三年分年铜指引
Pilbara Minerals,lithium,listed,Australia,partial,680 ktpa spodumene capacity path,未单列披露,1 Mtpa 路径,Pilgangoora P680 已建成，设计产能最高约 68 万吨精矿/年,P1000/P2000 路线、Ngungaju 复产与中游示范项目推进,从 P680 向 100 万吨级扩展,2026-02,Pilbara Minerals Growth Projects Update,https://www.pls.com/investor-centre/asx-announcements,公司更多披露项目路径与名义产能，未给出完整三年分年产量
Mineral Resources,lithium,listed,Australia,partial,未单列披露,600 ktpa SC6 安装产能建设中,2H FY28 调试爬坡,Mt Marion 安装产能约 500 ktpa SC6,Mt Marion 扩产 FID，浮选及井下项目集中在 FY27-FY28,提升至 600 ktpa SC6,2026-05,Mineral Resources Mt Marion Expansion FID,https://www.mineralresources.com.au/investors/asx-announcements/,会计年度披露需映射到自然年度，2028 仍为下半年爬坡阶段
SQM,lithium,listed,Chile,partial,未单列披露,未单列披露,Mt Holland/Kwinana 氢氧化锂 50 ktpa 路径,Kwinana 炼厂 2025 年实现首产品,"Mt Holland 项目在 18 个月爬坡后达到 50,000 吨氢氧化锂/年",新增 50 ktpa 氢氧化锂产能,2026-02,SQM Annual Results and Mt Holland Update,https://ir.sqm.com/English/investors/default.aspx,项目产能为名义设计值，实际销量取决于爬坡与需求
Albemarle,lithium,listed,United States,partial,情景口径，未单列披露,未单列披露,未单列披露,Kemerton 保留部分 train，剩余产线进入 care and maintenance,智利 DLE 项目仍处审批/FID 前阶段,模块化最多 6 条线，单线约 50 L/s 卤水处理能力,2026-02,Albemarle Reports Fourth Quarter and Full Year 2025 Results,https://investors.albemarle.com/news-and-events/news/default.aspx,公司在低价周期下采用情景管理，不提供清晰三年分年产量
Ganfeng Lithium,lithium,listed,China,partial,未单列披露,未单列披露,未单列披露,"Cauchari-Olaroz 规划 40,000 吨碳酸锂；Mariana 与 Goulamina 已投产/投运",Mariana 2025 投产，Goulamina 一期 2024 投产,南美盐湖与非洲硬岩项目叠加放量,2025-12,Ganfeng Lithium Annual Report and Project Updates,https://www.ganfenglithium.com/investor.html,公开披露以项目产能为主，未形成完整自然年三年指引
Agnico Eagle,gold,listed,Canada,quantified,约 3.3-3.5 Moz,约 3.3-3.5 Moz,约 3.3-3.5 Moz,多矿山组合稳定维持 330-350 万盎司/年,Hope Bay 初期年产 400-435 koz 路径纳入中期增长,中期新增主要来自 Hope Bay、Detour 与 Odyssey,2026-02,Agnico Eagle 2026-2028 Production Guidance,https://www.agnicoeagle.com/English/investors/news-and-events/default.aspx,公司明确披露 2026-2028 年稳定年产区间
Kinross,gold,listed,Canada,quantified,约 2.0 Moz Au eq,约 2.0 Moz Au eq,约 2.0 Moz Au eq,公司维持约 200 万盎司当量年产水平,Redback/Redbird、Great Bear 等项目支撑后续年限,Redbird 2 在 2028-2031 年均约 155 koz,2026-02,Kinross 2025 Results and 2026-2028 Guidance,https://www.kinross.com/investors/default.aspx,2027-2028 为公司 stable production guidance
AngloGold Ashanti,gold,listed,United Kingdom/South Africa,partial,未单列披露,未单列披露,未单列披露,现有组合外叠加北美开发项目,Arthur 项目前 9 年平均约 500 koz；North Bullfrog 前 5 年均约 105 koz,美国项目构成中长期增量,2026-02,AngloGold Ashanti Project Updates and Annual Results,https://www.anglogoldashanti.com/investors/results-reports-presentations/,项目平均值明确，但公司未披露完整 2026-2028 分年总量
